feature,OFF_RATING_corr,DEF_RATING_corr,season
FGM,0.6121661135083786,-0.1839718058704705,2012-13
FGA,-0.4673029743171411,0.27155451529377783,2012-13
FG_PCT,0.7673289679674451,-0.31925696601072534,2012-13
FG3M,0.6394089979618188,0.033858058572573776,2012-13
FG3A,0.5713858737579703,0.11849034493154723,2012-13
FG3_PCT,0.5175653134849575,-0.22496371283063452,2012-13
FTM,0.5254294156274528,-0.14600719602736092,2012-13
FTA,0.487602992596208,-0.1022196498719682,2012-13
FT_PCT,0.10827366267095384,-0.09792472507567845,2012-13
OREB,-0.1779736526014239,0.088795094005539,2012-13
DREB,0.1500752681609729,-0.6238126443650851,2012-13
REB,-0.05029448857241984,-0.3580976342464838,2012-13
AST,0.11991234013580958,-0.3727827742428967,2012-13
TOV,-0.044333362058104606,-0.11378459852478344,2012-13
STL,0.46610106741557844,-0.4247889300838029,2012-13
BLK,0.19696555082668293,-0.3453367452717908,2012-13
BLKA,-0.33380886882161015,0.36779881930740155,2012-13
PF,-0.026413914390625733,0.09143245397040105,2012-13
PFD,0.33441776147258645,-0.18758723832628635,2012-13
PTS,1.0,-0.18964681850154444,2012-13
PLUS_MINUS,0.8044723997329827,-0.7348627686450246,2012-13
AST_PCT,-0.21763487840334853,-0.3527641474041263,2012-13
AST_TO,0.13397694280699987,-0.22292531652608666,2012-13
AST_RATIO,0.16166102424389625,-0.37689075886245144,2012-13
OREB_PCT,-0.012442517299189732,0.10921328291087867,2012-13
DREB_PCT,0.03405364047453564,-0.312677934988943,2012-13
REB_PCT,0.28287336422706555,-0.2943396424139022,2012-13
TM_TOV_PCT,-0.04433336205810457,-0.11378459852478282,2012-13
EFG_PCT,0.8487598012901681,-0.2405426133499016,2012-13
TS_PCT,0.8850577923753908,-0.26263835520575474,2012-13
E_PACE,0.12587371234808217,0.07843715123073675,2012-13
PACE,0.10617582145744062,0.07291972908525421,2012-13
PACE_PER40,0.10691226441274242,0.07293764615332489,2012-13
POSS,0.1335637820938621,0.0818956230912737,2012-13
PIE,0.7110249537774685,-0.7953885498766472,2012-13
PTS_OFF_TOV,0.5893969225707688,-0.37034078888800637,2012-13
PTS_2ND_CHANCE,-0.0873535631470027,0.22599170677817174,2012-13
PTS_FB,0.17294408846099577,-0.12319016644315689,2012-13
PTS_PAINT,0.32383051053725975,-0.007775960208631506,2012-13
OPP_PTS_OFF_TOV,-0.20854867746310327,0.40437457140099775,2012-13
OPP_PTS_2ND_CHANCE,0.13696169280170226,0.2704337864617258,2012-13
OPP_PTS_FB,-0.10432655523958881,0.5418368197948147,2012-13
OPP_PTS_PAINT,-0.2536976641976473,0.7510376436021207,2012-13
FTA_RATE,0.5282159758801331,-0.13779113804667453,2012-13
OPP_EFG_PCT,-0.18405636782951662,0.9117790478030257,2012-13
OPP_FTA_RATE,-0.09075374992299055,0.16718628452614367,2012-13
OPP_TOV_PCT,0.2274909584685898,-0.35220163707625085,2012-13
OPP_OREB_PCT,-0.034053640474534935,0.3126779349889435,2012-13
PCT_FGA_2PT,-0.6096323412992325,-0.0725429319208936,2012-13
PCT_FGA_3PT,0.6096323412992319,0.072542931920894,2012-13
PCT_PTS_2PT,-0.629319175444683,-0.028969010953401545,2012-13
PCT_PTS_2PT_MR,-0.6309036219582758,-0.08817679998838863,2012-13
PCT_PTS_3PT,0.5287928228173386,0.07789712866761761,2012-13
PCT_PTS_FB,0.023219487250457565,-0.09263551581661511,2012-13
PCT_PTS_FT,0.2742059718119186,-0.09951984768729297,2012-13
PCT_PTS_OFF_TOV,0.28136167862034756,-0.360948793387415,2012-13
PCT_PTS_PAINT,-0.007947829675639466,0.05858234924742956,2012-13
PCT_AST_2PM,-0.4228366122555236,-0.24627243083956288,2012-13
PCT_UAST_2PM,0.4228366122555235,0.2462724308395627,2012-13
PCT_AST_3PM,0.06152049543785147,-0.3713907572698238,2012-13
PCT_UAST_3PM,-0.06152049543785158,0.37139075726982407,2012-13
PCT_AST_FGM,-0.21763487840334853,-0.3527641474041263,2012-13
PCT_UAST_FGM,0.21763487840334836,0.3527641474041272,2012-13
OPP_FGM,-0.2764139433348373,0.8289317749470426,2012-13
OPP_FGA,0.005165177010226643,0.019925354585837333,2012-13
OPP_FG_PCT,-0.29987998234291285,0.872481739262442,2012-13
OPP_FG3M,0.24875589579453425,0.5506239380351431,2012-13
OPP_FG3A,0.3462385830023643,0.38949332588982005,2012-13
OPP_FG3_PCT,-0.07080206641359947,0.5678236554320922,2012-13
OPP_FTM,-0.04868723087959908,0.2160017292554578,2012-13
OPP_FTA,-0.11136625143825876,0.20161899583110574,2012-13
OPP_FT_PCT,0.24170210263574973,0.0602048381578211,2012-13
OPP_OREB,-0.05789511474730651,0.019974768490701837,2012-13
OPP_DREB,-0.7104368743247366,0.28144040628584027,2012-13
OPP_REB,-0.7032534472243346,0.2888101891084311,2012-13
OPP_AST,-0.3152741445723295,0.8131160564693869,2012-13
OPP_TOV,0.2048774599950228,-0.3506683084378122,2012-13
OPP_STL,0.053141291900174754,-0.07375093858472613,2012-13
OPP_BLK,-0.33380886882161015,0.36779881930740155,2012-13
OPP_BLKA,0.19696555082668293,-0.3453367452717908,2012-13
OPP_PF,0.33441776147258645,-0.18758723832628635,2012-13
OPP_PFD,-0.026413914390625733,0.09143245397040105,2012-13
OPP_PTS,-0.20532920192496104,0.9983951650274434,2012-13
FGM,0.6781651597427317,-0.18657224305995077,2013-14
FGA,-0.24556372597010645,0.17474802435692052,2013-14
FG_PCT,0.7587736357915333,-0.27059825819499533,2013-14
FG3M,0.5433582048807103,-0.06636581774369538,2013-14
FG3A,0.4548525024662593,0.02843098303372431,2013-14
FG3_PCT,0.5114235290215822,-0.2747951255852375,2013-14
FTM,0.447063875370663,-0.1287715201710036,2013-14
FTA,0.33910071379324624,-0.009747064129295838,2013-14
FT_PCT,0.2763094815336443,-0.306006316514395,2013-14
OREB,-0.13492804166840114,0.2226767468901647,2013-14
DREB,0.15164905204254595,-0.7640359198807807,2013-14
REB,0.006546759470511956,-0.38637446718992796,2013-14
AST,0.2716711985737282,-0.3309151080146655,2013-14
TOV,-0.37583897268096556,0.013867887053970483,2013-14
STL,0.16123648333630922,0.06122261429466419,2013-14
BLK,0.1493432661434166,-0.23532693012997813,2013-14
BLKA,-0.6437719018911945,0.17986898796644696,2013-14
PF,-0.060146597984807156,0.2579674632644715,2013-14
PFD,0.3247876436108715,-0.14337557688256358,2013-14
PTS,1.0,-0.24063041327631673,2013-14
PLUS_MINUS,0.8083758401888301,-0.7650843097303213,2013-14
AST_PCT,-0.03592517594603477,-0.26461550118673705,2013-14
AST_TO,0.39206005289050505,-0.22485016576592823,2013-14
AST_RATIO,0.28774552084573835,-0.32453375639061405,2013-14
OREB_PCT,-0.050762354892591365,0.06515998414012597,2013-14
DREB_PCT,0.028110301954618,-0.6093658896821164,2013-14
REB_PCT,0.1771713441978544,-0.4672460696666864,2013-14
TM_TOV_PCT,-0.37583897268096644,0.01386788705397025,2013-14
EFG_PCT,0.7914191067484357,-0.24181315394320788,2013-14
TS_PCT,0.8410488639692549,-0.29105343892028523,2013-14
E_PACE,0.07813787421035785,0.13604455619769906,2013-14
PACE,0.11201164236729524,0.15728482107974048,2013-14
PACE_PER40,0.11176797278331797,0.15787536218008455,2013-14
POSS,0.106880070901491,0.13668692691886106,2013-14
PIE,0.7423071867716324,-0.8052770780965824,2013-14
PTS_OFF_TOV,0.3537309365703777,-0.08371950920829192,2013-14
PTS_2ND_CHANCE,0.0045939034887740185,0.11290952688297175,2013-14
PTS_FB,0.27071762745260497,0.12799432991040732,2013-14
PTS_PAINT,0.13920099683498804,0.1152018793474287,2013-14
OPP_PTS_OFF_TOV,-0.2715681088718427,0.4414589120002963,2013-14
OPP_PTS_2ND_CHANCE,0.14787924241826172,0.48689615273334125,2013-14
OPP_PTS_FB,-0.2088009243704337,0.5444477197502248,2013-14
OPP_PTS_PAINT,0.16715771695198064,0.6592521181526021,2013-14
FTA_RATE,0.3635877182050293,-0.044000658411850684,2013-14
OPP_EFG_PCT,-0.2463031747499158,0.8856630843594792,2013-14
OPP_FTA_RATE,-0.04459097298677306,0.47779006667507395,2013-14
OPP_TOV_PCT,0.12152363367772301,-0.06853517142358269,2013-14
OPP_OREB_PCT,-0.02811030195461854,0.6093658896821149,2013-14
PCT_FGA_2PT,-0.4649160802241259,0.006042148234958284,2013-14
PCT_FGA_3PT,0.46491608022412595,-0.006042148234957941,2013-14
PCT_PTS_2PT,-0.459979290736002,0.05264264717003084,2013-14
PCT_PTS_2PT_MR,-0.24640355057943128,-0.16890752196560296,2013-14
PCT_PTS_3PT,0.3915871874515467,-0.017958762143340447,2013-14
PCT_PTS_FB,0.12152131206227043,0.18218411764831285,2013-14
PCT_PTS_FT,0.16657624246900554,-0.06572905740970214,2013-14
PCT_PTS_OFF_TOV,0.014872757496261216,-0.0005494793093156512,2013-14
PCT_PTS_PAINT,-0.18078598908164642,0.19870636050699325,2013-14
PCT_AST_2PM,-0.1401504150608754,-0.2901153416109745,2013-14
PCT_UAST_2PM,0.1401504150608749,0.29011534161097446,2013-14
PCT_AST_3PM,-0.14312000924465473,0.050649407332902706,2013-14
PCT_UAST_3PM,0.14312000924465418,-0.050649407332903004,2013-14
PCT_AST_FGM,-0.03592517594603477,-0.26461550118673705,2013-14
PCT_UAST_FGM,0.035925175946035164,0.2646155011867366,2013-14
OPP_FGM,-0.22682949804843477,0.7616217824787286,2013-14
OPP_FGA,0.004419090351799663,-0.1693131557105159,2013-14
OPP_FG_PCT,-0.2374587763562323,0.8793929565970289,2013-14
OPP_FG3M,-0.17562357539645737,0.5181841545956387,2013-14
OPP_FG3A,-0.052508712934387164,0.4053516816015094,2013-14
OPP_FG3_PCT,-0.42124476878503436,0.6027340612092599,2013-14
OPP_FTM,-0.06581158141219697,0.5153054457355903,2013-14
OPP_FTA,-0.051852167156355065,0.5102803063480487,2013-14
OPP_FT_PCT,-0.06250597346603591,-0.042850376059163926,2013-14
OPP_OREB,0.1624507800849758,0.3238848717646245,2013-14
OPP_DREB,-0.6780633483871786,0.3478526705874091,2013-14
OPP_REB,-0.5404880757003591,0.4700757161556645,2013-14
OPP_AST,-0.3720858130537234,0.6916996683631651,2013-14
OPP_TOV,0.11707228341902798,-0.05902996696193239,2013-14
OPP_STL,-0.06736501594860585,0.21617252721032157,2013-14
OPP_BLK,-0.6437719018911945,0.17986898796644696,2013-14
OPP_BLKA,0.1493432661434166,-0.23532693012997813,2013-14
OPP_PF,0.3247876436108715,-0.14337557688256358,2013-14
OPP_PFD,-0.060146597984807156,0.2579674632644715,2013-14
OPP_PTS,-0.25677854887095,0.9981940098415039,2013-14
FGM,0.8092049718301964,-0.2938236395653654,2014-15
FGA,0.12416601279930856,0.03804387303285546,2014-15
FG_PCT,0.7711322565542786,-0.33083765218056743,2014-15
FG3M,0.5963645897885396,-0.36174732308404667,2014-15
FG3A,0.4479379606431832,-0.30070347679585674,2014-15
FG3_PCT,0.696433802412435,-0.3874294852675864,2014-15
FTM,0.24562210626184458,0.32119351730201867,2014-15
FTA,0.11329784780461372,0.3359582796589199,2014-15
FT_PCT,0.36330124853340123,-0.06218890385934158,2014-15
OREB,-0.19110477012882768,0.29660968378361735,2014-15
DREB,0.2783541568608697,-0.5093422128923791,2014-15
REB,0.118581977515966,-0.2615203655995353,2014-15
AST,0.49349807766302617,-0.5146472057434304,2014-15
TOV,-0.47108725322860434,0.0025236032189325875,2014-15
STL,-0.019601476543562257,-0.3034018809866286,2014-15
BLK,0.04577674407328413,-0.3533599647051181,2014-15
BLKA,-0.4337683511947929,0.29928428256271605,2014-15
PF,-0.3361310036687626,0.24658166583992835,2014-15
PFD,0.06886679208602806,0.20902514587856116,2014-15
PTS,1.0,-0.23814050225880154,2014-15
PLUS_MINUS,0.8624598825656313,-0.6959665447818232,2014-15
AST_PCT,0.13976859657501609,-0.4650266642609822,2014-15
AST_TO,0.6113969553549669,-0.32508963020914666,2014-15
AST_RATIO,0.495339382599074,-0.5265839678871866,2014-15
OREB_PCT,-0.021006469255467078,0.3070575984663294,2014-15
DREB_PCT,0.057403171297803604,-0.2798767396233388,2014-15
REB_PCT,0.2767440048979167,-0.2016294542165188,2014-15
TM_TOV_PCT,-0.4710872532286043,0.0025236032189326725,2014-15
EFG_PCT,0.8575753834544451,-0.42221010071036824,2014-15
TS_PCT,0.895803109093307,-0.350887896180136,2014-15
E_PACE,0.1185682787510991,-0.16110389569480366,2014-15
PACE,0.1458317533118683,-0.15419184115779608,2014-15
PACE_PER40,0.1463861995790861,-0.15488524048873042,2014-15
POSS,0.10805979474702103,-0.16982990155595473,2014-15
PIE,0.796119757348944,-0.7097721655635101,2014-15
PTS_OFF_TOV,0.16030642247886573,-0.23989588152423558,2014-15
PTS_2ND_CHANCE,-0.05873007413819098,0.3669711847906827,2014-15
PTS_FB,0.2570257417159181,-0.254131047206557,2014-15
PTS_PAINT,0.24375744038942726,-0.10371680669810801,2014-15
OPP_PTS_OFF_TOV,-0.4899630620686202,0.3253577142724706,2014-15
OPP_PTS_2ND_CHANCE,0.07150596211847597,0.2839246912140452,2014-15
OPP_PTS_FB,0.004760150756721433,0.30314836961078334,2014-15
OPP_PTS_PAINT,0.01036734985292276,0.6567555650780114,2014-15
FTA_RATE,0.08010044077692666,0.29964991025022186,2014-15
OPP_EFG_PCT,-0.30129287272979377,0.88942359159041,2014-15
OPP_FTA_RATE,-0.22713390201615433,0.2154328623509995,2014-15
OPP_TOV_PCT,-0.1045226316260739,-0.2365684059686987,2014-15
OPP_OREB_PCT,-0.05740317129780415,0.2798767396233376,2014-15
PCT_FGA_2PT,-0.4324505968263556,0.30867713853257694,2014-15
PCT_FGA_3PT,0.4324505968263553,-0.3086771385325768,2014-15
PCT_PTS_2PT,-0.4537379014019011,0.22611940925758944,2014-15
PCT_PTS_2PT_MR,-0.2660261240781097,0.21208986924721332,2014-15
PCT_PTS_3PT,0.4527202286738836,-0.36049696178541063,2014-15
PCT_PTS_FB,0.09579991923429942,-0.2181675911858335,2014-15
PCT_PTS_FT,-0.11104810674596814,0.4095912163840487,2014-15
PCT_PTS_OFF_TOV,-0.19330671654611087,-0.15374776166630685,2014-15
PCT_PTS_PAINT,-0.22192994367809474,0.004128337580191648,2014-15
PCT_AST_2PM,0.04393853733431675,-0.3090317586691138,2014-15
PCT_UAST_2PM,-0.04393853733431647,0.3090317586691139,2014-15
PCT_AST_3PM,-0.12987847949038844,-0.35270866365754655,2014-15
PCT_UAST_3PM,0.12987847949038814,0.35270866365754683,2014-15
PCT_AST_FGM,0.13976859657501609,-0.4650266642609822,2014-15
PCT_UAST_FGM,-0.13976859657501628,0.4650266642609826,2014-15
OPP_FGM,-0.06641510801283898,0.8102009363949144,2014-15
OPP_FGA,0.2983878563397168,0.05608811587077976,2014-15
OPP_FG_PCT,-0.26322214463915944,0.9018361812360393,2014-15
OPP_FG3M,-0.2568254202743564,0.4413086729658717,2014-15
OPP_FG3A,-0.0951324518245079,0.2680949760881743,2014-15
OPP_FG3_PCT,-0.43292233157870064,0.5269794140798301,2014-15
OPP_FTM,-0.23645807746688108,0.2518540771962204,2014-15
OPP_FTA,-0.19627585971359612,0.2579552722405559,2014-15
OPP_FT_PCT,-0.17103424287663938,-0.07679192908241628,2014-15
OPP_OREB,0.24007997640716386,0.11090364475889784,2014-15
OPP_DREB,-0.4836013238008191,0.04433086028600006,2014-15
OPP_REB,-0.37722336024189146,0.11246992328204267,2014-15
OPP_AST,-0.12509380003515375,0.5852528487861864,2014-15
OPP_TOV,-0.10953829388423023,-0.23288946489507723,2014-15
OPP_STL,-0.38222686913118825,0.016446195598059304,2014-15
OPP_BLK,-0.4337683511947929,0.29928428256271605,2014-15
OPP_BLKA,0.04577674407328413,-0.3533599647051181,2014-15
OPP_PF,0.06886679208602806,0.20902514587856116,2014-15
OPP_PFD,-0.3361310036687626,0.24658166583992835,2014-15
OPP_PTS,-0.24833171698231227,0.9984903540702398,2014-15
FGM,0.7397030161098588,-0.5464299364157882,2015-16
FGA,0.06907754956082994,-0.09158765786399166,2015-16
FG_PCT,0.6934653677220678,-0.4894067282611434,2015-16
FG3M,0.43478631628596104,-0.3058341020650986,2015-16
FG3A,0.2806436421558916,-0.21511862789960964,2015-16
FG3_PCT,0.6433967575390802,-0.4459400475597332,2015-16
FTM,0.22988074055268895,0.20507104890703948,2015-16
FTA,0.1567459213468989,0.247248324229099,2015-16
FT_PCT,0.14578429435789206,-0.12370621080793416,2015-16
OREB,0.11546999531038164,0.25980148509973533,2015-16
DREB,0.558289432139658,-0.5952831024546352,2015-16
REB,0.4966957857106052,-0.2885066938969842,2015-16
AST,0.46394425081908025,-0.40759480847353996,2015-16
TOV,-0.21902977365844337,0.3186579396416732,2015-16
STL,0.017841751486053877,-0.20921205651072036,2015-16
BLK,0.23321000743909032,-0.38965809704125887,2015-16
BLKA,-0.45972287007117524,0.5829720575404213,2015-16
PF,-0.11309286689180942,0.37974748699511135,2015-16
PFD,0.27351628656392235,-0.024822628706414,2015-16
PTS,1.0,-0.5263586672563407,2015-16
PLUS_MINUS,0.8885850496437459,-0.8571214380367307,2015-16
AST_PCT,0.20862711814390655,-0.2371471897388871,2015-16
AST_TO,0.4897412222349427,-0.5264624840610092,2015-16
AST_RATIO,0.413475921000543,-0.40775310195749137,2015-16
OREB_PCT,0.2654714598941377,0.17242735985992355,2015-16
DREB_PCT,0.27853643446034604,-0.22316401210789655,2015-16
REB_PCT,0.5839847355265563,-0.20757057687925928,2015-16
TM_TOV_PCT,-0.2190297736584435,0.3186579396416733,2015-16
EFG_PCT,0.8032811375697149,-0.561689717487929,2015-16
TS_PCT,0.8745475495763384,-0.5475388938569872,2015-16
E_PACE,-0.05096150974909112,0.1336359449498515,2015-16
PACE,-0.04803369305649286,0.13171298810677848,2015-16
PACE_PER40,-0.047361511208248566,0.13128084088510253,2015-16
POSS,-0.007779311093868977,0.10553970796763226,2015-16
PIE,0.8441515048545883,-0.8501858923123643,2015-16
PTS_OFF_TOV,0.09665028849961368,-0.2957905559092862,2015-16
PTS_2ND_CHANCE,0.15941228385183503,0.1434607409459853,2015-16
PTS_FB,0.33071771234997366,-0.016051366030393414,2015-16
PTS_PAINT,0.11173278390581191,0.06177196580656091,2015-16
OPP_PTS_OFF_TOV,-0.3959068329595215,0.6062248044274811,2015-16
OPP_PTS_2ND_CHANCE,-0.18935116963905296,0.23941172835661112,2015-16
OPP_PTS_FB,-0.4565765135557197,0.5579459477206354,2015-16
OPP_PTS_PAINT,-0.30870764242489396,0.6010773170670498,2015-16
FTA_RATE,0.13207469063169447,0.2441424782656151,2015-16
OPP_EFG_PCT,-0.5243501173999746,0.8523275740834036,2015-16
OPP_FTA_RATE,-0.17501423771859403,0.260087401755106,2015-16
OPP_TOV_PCT,-0.09293004486198132,-0.18267856955540698,2015-16
OPP_OREB_PCT,-0.27853643446034615,0.22316401210789627,2015-16
PCT_FGA_2PT,-0.271495558103688,0.2052520870510815,2015-16
PCT_FGA_3PT,0.271495558103688,-0.2052520870510813,2015-16
PCT_PTS_2PT,-0.2719782776672219,0.11439361527072682,2015-16
PCT_PTS_2PT_MR,-0.08981594299134417,-0.11056681603295185,2015-16
PCT_PTS_3PT,0.2877076799516314,-0.23928747043373313,2015-16
PCT_PTS_FB,0.18554011350739166,0.06480007897743428,2015-16
PCT_PTS_FT,-0.08441562067911661,0.38212614638836284,2015-16
PCT_PTS_OFF_TOV,-0.19087832794322052,-0.1412043454306533,2015-16
PCT_PTS_PAINT,-0.245202990791984,0.24871660715029,2015-16
PCT_AST_2PM,0.17354455208895944,-0.11652521158497518,2015-16
PCT_UAST_2PM,-0.17354455208895972,0.11652521158497539,2015-16
PCT_AST_3PM,-0.13762297098734969,-0.2793837933141951,2015-16
PCT_UAST_3PM,0.13762297098734974,0.2793837933141949,2015-16
PCT_AST_FGM,0.20862711814390655,-0.2371471897388871,2015-16
PCT_UAST_FGM,-0.20862711814390597,0.23714718973888665,2015-16
OPP_FGM,-0.4533164807177915,0.8106551672957573,2015-16
OPP_FGA,0.1335349640448487,-0.0038712564526027678,2015-16
OPP_FG_PCT,-0.5702386539366315,0.8536619979735482,2015-16
OPP_FG3M,-0.25442956107214654,0.650796382149043,2015-16
OPP_FG3A,-0.1687028037320153,0.49987659083983466,2015-16
OPP_FG3_PCT,-0.3194282186677709,0.6480622643749452,2015-16
OPP_FTM,-0.2073741957051721,0.31628584973678103,2015-16
OPP_FTA,-0.1576402871184752,0.2882615521333212,2015-16
OPP_FT_PCT,-0.1805735877976266,0.08512300071230586,2015-16
OPP_OREB,-0.048060049518528186,0.09412203345779215,2015-16
OPP_DREB,-0.6146804401627324,0.14031500777825942,2015-16
OPP_REB,-0.5985095962916022,0.18072285622621323,2015-16
OPP_AST,-0.35917318475616683,0.696313297623894,2015-16
OPP_TOV,-0.09918479177156651,-0.18120703575280248,2015-16
OPP_STL,-0.21217516512948964,0.2733693773827216,2015-16
OPP_BLK,-0.45972287007117524,0.5829720575404213,2015-16
OPP_BLKA,0.23321000743909032,-0.38965809704125887,2015-16
OPP_PF,0.27351628656392235,-0.024822628706414,2015-16
OPP_PFD,-0.11309286689180942,0.37974748699511135,2015-16
OPP_PTS,-0.5394761205429035,0.9987676741275584,2015-16
FGM,0.7113225574821408,-0.20297674022534815,2016-17
FGA,-0.10069371860574078,-0.00512657962370355,2016-17
FG_PCT,0.7859154140722947,-0.20461538572905705,2016-17
FG3M,0.5245110714566088,-0.12366753342363114,2016-17
FG3A,0.3468682190274316,-0.0543087525839144,2016-17
FG3_PCT,0.6721669276269656,-0.24947672842486648,2016-17
FTM,0.43991321977856473,0.11834499652727445,2016-17
FTA,0.3993743778361855,0.07220577158814445,2016-17
FT_PCT,0.19501432821714107,0.10767511649994269,2016-17
OREB,0.04752209876625143,0.11775114626402824,2016-17
DREB,0.10375560107695204,-0.5461866597404916,2016-17
REB,0.10655024816735126,-0.2814482447900142,2016-17
AST,0.4854618575522808,-0.31123927581722977,2016-17
TOV,-0.15401357257175177,0.1978363445890611,2016-17
STL,0.11771578710046163,-0.3935051827158135,2016-17
BLK,0.08261203379210695,-0.5517839343006994,2016-17
BLKA,-0.3446958011616633,0.42859412450755213,2016-17
PF,-0.12199017772506256,0.2911240652322911,2016-17
PFD,0.2496472583068096,-0.11504356456334298,2016-17
PTS,1.0,-0.15913701014130668,2016-17
PLUS_MINUS,0.8387407820214866,-0.6702005315867103,2016-17
AST_PCT,0.2594771730382279,-0.26424145998444054,2016-17
AST_TO,0.4431130790303683,-0.36624477331153543,2016-17
AST_RATIO,0.46239953205960144,-0.3056554330176423,2016-17
OREB_PCT,0.20416750306285994,0.07754631771676646,2016-17
DREB_PCT,-0.06884332357323707,-0.18465117323951186,2016-17
REB_PCT,0.34246438130589546,-0.17324498242099137,2016-17
TM_TOV_PCT,-0.15401357257175205,0.19783634458906116,2016-17
EFG_PCT,0.839302794489702,-0.19697331028846063,2016-17
TS_PCT,0.8634418174632977,-0.15701572206482042,2016-17
E_PACE,0.026221771429329962,0.31785938512351286,2016-17
PACE,0.03908652273910145,0.32701399963067407,2016-17
PACE_PER40,0.039354634240954804,0.32680197776822,2016-17
POSS,0.03747444396148528,0.3215618484836041,2016-17
PIE,0.761115848485673,-0.7168216851032075,2016-17
PTS_OFF_TOV,0.28682495654337375,-0.31614755090358115,2016-17
PTS_2ND_CHANCE,0.0748368778377725,0.09207733776145421,2016-17
PTS_FB,0.3072349657031683,0.002690009730993746,2016-17
PTS_PAINT,0.1305936051396847,0.1648328371730216,2016-17
OPP_PTS_OFF_TOV,-0.07032135958410163,0.4711257758562792,2016-17
OPP_PTS_2ND_CHANCE,0.19873496401357596,0.2938542515724828,2016-17
OPP_PTS_FB,-0.12464803452348228,0.3974080167256774,2016-17
OPP_PTS_PAINT,0.2049911385168282,0.3637759337433085,2016-17
FTA_RATE,0.3674416278190669,0.06634747379943223,2016-17
OPP_EFG_PCT,-0.23535613596884047,0.820980477883349,2016-17
OPP_FTA_RATE,-0.15920206536970016,0.27191553739171886,2016-17
OPP_TOV_PCT,-0.03922904016076551,-0.33491772272817255,2016-17
OPP_OREB_PCT,0.06884332357323861,0.18465117323951064,2016-17
PCT_FGA_2PT,-0.34308752146949506,0.05209962483976523,2016-17
PCT_FGA_3PT,0.3430875214694952,-0.052099624839765345,2016-17
PCT_PTS_2PT,-0.3916360166824193,0.04373266360699463,2016-17
PCT_PTS_2PT_MR,-0.19884191882836322,-0.13046561852683972,2016-17
PCT_PTS_3PT,0.3656478229141891,-0.10635515969403496,2016-17
PCT_PTS_FB,0.16706184173173624,0.041122149759544,2016-17
PCT_PTS_FT,0.08290969384613171,0.1879787475484433,2016-17
PCT_PTS_OFF_TOV,-0.10010657420275995,-0.25503921663206447,2016-17
PCT_PTS_PAINT,-0.26284391103048277,0.2179323046312085,2016-17
PCT_AST_2PM,0.25610717040316,-0.278359889155821,2016-17
PCT_UAST_2PM,-0.25610717040315994,0.27835988915582116,2016-17
PCT_AST_3PM,-0.2110381897432402,-0.05298729598929111,2016-17
PCT_UAST_3PM,0.21103818974323982,0.052987295989291465,2016-17
PCT_AST_FGM,0.2594771730382279,-0.26424145998444054,2016-17
PCT_UAST_FGM,-0.25947717303822737,0.2642414599844407,2016-17
OPP_FGM,-0.04013366542403112,0.6830466895855716,2016-17
OPP_FGA,0.204034444395281,-0.028085681980582977,2016-17
OPP_FG_PCT,-0.1998000760282631,0.8097975142142614,2016-17
OPP_FG3M,-0.1399143305650995,0.3974206353472632,2016-17
OPP_FG3A,0.028912852853343406,0.15862724045473423,2016-17
OPP_FG3_PCT,-0.4218502329139258,0.6165645496755706,2016-17
OPP_FTM,-0.13553423578783566,0.3240786590629822,2016-17
OPP_FTA,-0.1421157142681465,0.30337221487996097,2016-17
OPP_FT_PCT,0.0364650684354846,0.20266857876360472,2016-17
OPP_OREB,0.20405164203001028,0.0012820438489567377,2016-17
OPP_DREB,-0.6145516189460662,0.008301856622765145,2016-17
OPP_REB,-0.5314761628344649,0.011043012304270395,2016-17
OPP_AST,-0.0011266338551618777,0.38173868889431045,2016-17
OPP_TOV,-0.044970074166345964,-0.3243707228987847,2016-17
OPP_STL,-0.15151251687399403,0.17279709877368335,2016-17
OPP_BLK,-0.3446958011616633,0.42859412450755213,2016-17
OPP_BLKA,0.08261203379210695,-0.5517839343006994,2016-17
OPP_PF,0.2496472583068096,-0.11504356456334298,2016-17
OPP_PFD,-0.12199017772506256,0.2911240652322911,2016-17
OPP_PTS,-0.18283324293773692,0.9982269785260738,2016-17
FGM,0.649014993811725,-0.19364410400034077,2017-18
FGA,-0.21988090849458614,0.010969403032425502,2017-18
FG_PCT,0.7184432084576969,-0.17711404281680412,2017-18
FG3M,0.3206803991501403,-0.2737808725519263,2017-18
FG3A,0.24667848671443057,-0.2111093858399653,2017-18
FG3_PCT,0.3860157619906863,-0.3035443304689404,2017-18
FTM,0.6250659909195396,-0.0025469844261499707,2017-18
FTA,0.5044256884145111,0.01720903727512492,2017-18
FT_PCT,0.39634402974373856,-0.06314176360367031,2017-18
OREB,0.021291677417252276,-0.10960742840330578,2017-18
DREB,0.12505192233610438,-0.6569667115456229,2017-18
REB,0.11341548353250697,-0.5655428957381313,2017-18
AST,0.2798556208572278,-0.13973684330513292,2017-18
TOV,-0.2996106118436589,-0.006033456570671748,2017-18
STL,0.30870589688709105,-0.3557368412276775,2017-18
BLK,0.39350997564595563,-0.45285986632704545,2017-18
BLKA,-0.49778635420277983,0.36843516570552404,2017-18
PF,-0.2743282826033091,0.031489048887800374,2017-18
PFD,0.33903168013616003,-0.012192372530875732,2017-18
PTS,1.0,-0.2751833423718199,2017-18
PLUS_MINUS,0.8493073606237329,-0.7398645384834465,2017-18
AST_PCT,0.016704278610564557,-0.06717688736161301,2017-18
AST_TO,0.4766768087580534,-0.1121570804186393,2017-18
AST_RATIO,0.27755943411424167,-0.12796131494136626,2017-18
OREB_PCT,0.1387959303731304,-0.07160354935937692,2017-18
DREB_PCT,-0.10658783378213939,-0.2911347743532779,2017-18
REB_PCT,0.3607132205442828,-0.4670660678134033,2017-18
TM_TOV_PCT,-0.2996106118436595,-0.006033456570671163,2017-18
EFG_PCT,0.8206268001065676,-0.2942989423659247,2017-18
TS_PCT,0.8651959306055584,-0.25752607235703245,2017-18
E_PACE,0.09068238113249376,0.16968633271560496,2017-18
PACE,0.09173095578444129,0.161835087436284,2017-18
PACE_PER40,0.09217408089713466,0.1615410489630752,2017-18
POSS,0.11386011019215865,0.12495767417435427,2017-18
PIE,0.7989809149772444,-0.7270852200647361,2017-18
PTS_OFF_TOV,0.42962317333230604,-0.18405670043002084,2017-18
PTS_2ND_CHANCE,0.15516967671665124,-0.13096049405187038,2017-18
PTS_FB,0.22326331471641664,0.10537137257487673,2017-18
PTS_PAINT,0.2560380952524581,0.09290840330551918,2017-18
OPP_PTS_OFF_TOV,-0.1839297033961214,0.30096046925674225,2017-18
OPP_PTS_2ND_CHANCE,0.20155252454720318,0.21122045220739458,2017-18
OPP_PTS_FB,-0.11706010053566784,0.4456242732991206,2017-18
OPP_PTS_PAINT,0.3316692221639198,0.32295861819035865,2017-18
FTA_RATE,0.5026088122766967,0.018720740931955148,2017-18
OPP_EFG_PCT,-0.19965940446550515,0.8520305549314221,2017-18
OPP_FTA_RATE,-0.2808402580076853,0.039032139570781506,2017-18
OPP_TOV_PCT,0.13900667486565907,-0.2181682743212675,2017-18
OPP_OREB_PCT,0.1065878337821371,0.2911347743532778,2017-18
PCT_FGA_2PT,-0.2670727279382795,0.20355470112990046,2017-18
PCT_FGA_3PT,0.26707272793827913,-0.20355470112990026,2017-18
PCT_PTS_2PT,-0.24140313316298198,0.18373495497735498,2017-18
PCT_PTS_2PT_MR,-0.1765318927343626,0.04599477759548084,2017-18
PCT_PTS_3PT,0.11658486132626471,-0.2189459981787091,2017-18
PCT_PTS_FB,0.08694439090716105,0.152020064049775,2017-18
PCT_PTS_FT,0.4030524597493005,0.08478849170082717,2017-18
PCT_PTS_OFF_TOV,0.06378094218753765,-0.0926734224012665,2017-18
PCT_PTS_PAINT,-0.152919529631308,0.20800772575676701,2017-18
PCT_AST_2PM,0.13584990849814085,0.015606151400172515,2017-18
PCT_UAST_2PM,-0.13584990849814074,-0.015606151400172644,2017-18
PCT_AST_3PM,-0.332814354024286,-0.05278711428593823,2017-18
PCT_UAST_3PM,0.33281435402428616,0.052787114285937915,2017-18
PCT_AST_FGM,0.016704278610564557,-0.06717688736161301,2017-18
PCT_UAST_FGM,-0.01670427861056441,0.06717688736161324,2017-18
OPP_FGM,0.0005235852749203482,0.7678354371499758,2017-18
OPP_FGA,0.19906404713508435,0.1424314332873168,2017-18
OPP_FG_PCT,-0.13227782284535616,0.8478714949614602,2017-18
OPP_FG3M,-0.2232337157828742,0.6308279100095747,2017-18
OPP_FG3A,-0.16151750289407257,0.4354001594226364,2017-18
OPP_FG3_PCT,-0.21838602201834098,0.7053632617523182,2017-18
OPP_FTM,-0.3193033212332702,0.10819025793908958,2017-18
OPP_FTA,-0.2740520916004846,0.06491514396807187,2017-18
OPP_FT_PCT,-0.27674145180458226,0.24541962766688485,2017-18
OPP_OREB,0.055644777369619224,0.2398089290054764,2017-18
OPP_DREB,-0.6577481729135175,0.2360249310123384,2017-18
OPP_REB,-0.7231877052020808,0.37782017155683845,2017-18
OPP_AST,-0.0716065144773763,0.6822364693392262,2017-18
OPP_TOV,0.13890765401242453,-0.2129813605569307,2017-18
OPP_STL,-0.2909753938539418,0.02200078537570974,2017-18
OPP_BLK,-0.49778635420277983,0.36843516570552404,2017-18
OPP_BLKA,0.39350997564595563,-0.45285986632704545,2017-18
OPP_PF,0.33903168013616003,-0.012192372530875732,2017-18
OPP_PFD,-0.2743282826033091,0.031489048887800374,2017-18
OPP_PTS,-0.2889064344173132,0.9975335209790512,2017-18
FGM,0.6747359164705619,-0.33628886377944733,2018-19
FGA,0.16987667052238226,-0.01123783643849609,2018-19
FG_PCT,0.6330346393844009,-0.36701007913804734,2018-19
FG3M,0.5216315191491995,-0.303868963231784,2018-19
FG3A,0.3516883169103102,-0.23128401678288477,2018-19
FG3_PCT,0.544413675982967,-0.2148616280778587,2018-19
FTM,0.259626144789543,0.13543842674412088,2018-19
FTA,0.06935831104015155,0.010673178988273326,2018-19
FT_PCT,0.41276324230950634,0.25328440530685314,2018-19
OREB,0.06736985311570723,0.017458488532483073,2018-19
DREB,0.37936590328893693,-0.6648568494867124,2018-19
REB,0.36333956605921014,-0.576810156637377,2018-19
AST,0.4404024829047889,-0.4708767831179772,2018-19
TOV,-0.4380352754933212,0.07342863919744513,2018-19
STL,0.0010776956943707278,-0.23148303965751532,2018-19
BLK,0.2816944928438054,-0.6011224770664578,2018-19
BLKA,-0.47319757226225406,0.47210257450663257,2018-19
PF,-0.2455067693584422,0.1463764687651176,2018-19
PFD,-0.05202510139596241,-0.06146658197138443,2018-19
PTS,1.0,-0.3811179759968647,2018-19
PLUS_MINUS,0.8367617323981282,-0.8244463565677638,2018-19
AST_PCT,0.22335458501828856,-0.43925547885043226,2018-19
AST_TO,0.5951095480868346,-0.3917025220403689,2018-19
AST_RATIO,0.4358573447891996,-0.4696552782468678,2018-19
OREB_PCT,0.16537886726900383,-0.0818913741684168,2018-19
DREB_PCT,0.22666739575683859,-0.5476642782791132,2018-19
REB_PCT,0.45517799587763685,-0.5643158710745568,2018-19
TM_TOV_PCT,-0.43803527549332066,0.07342863919744506,2018-19
EFG_PCT,0.8280850311850935,-0.48448515104879947,2018-19
TS_PCT,0.8647618316112283,-0.3743976279739455,2018-19
E_PACE,0.1558858687216055,-0.015716297258861603,2018-19
PACE,0.17163771994359742,-0.005246753722882174,2018-19
PACE_PER40,0.1716507888673153,-0.005366756698005851,2018-19
POSS,0.16418494302225417,0.02379160111497434,2018-19
PIE,0.7715330074094657,-0.8197703900701475,2018-19
PTS_OFF_TOV,0.06858331240318956,-0.23967188178604104,2018-19
PTS_2ND_CHANCE,0.1788970017616956,-0.0278000250039741,2018-19
PTS_FB,0.25604739259639886,-0.2290671940561808,2018-19
PTS_PAINT,-0.09905831915865758,-0.08467450924434211,2018-19
OPP_PTS_OFF_TOV,-0.421056321342025,0.3975344408575087,2018-19
OPP_PTS_2ND_CHANCE,-0.147522024239392,0.5597433133281345,2018-19
OPP_PTS_FB,-0.1259562468036775,0.3893066172332738,2018-19
OPP_PTS_PAINT,-0.1299281362390414,0.6599282250697545,2018-19
FTA_RATE,0.03268337483095287,0.008841987272535249,2018-19
OPP_EFG_PCT,-0.4471311958825616,0.9024417858786532,2018-19
OPP_FTA_RATE,-0.26826619157929404,0.18049137281967745,2018-19
OPP_TOV_PCT,-0.157809263650877,-0.15639178415679428,2018-19
OPP_OREB_PCT,-0.22666739575683914,0.5476642782791133,2018-19
PCT_FGA_2PT,-0.329642004148227,0.2307419721562546,2018-19
PCT_FGA_3PT,0.3296420041482264,-0.2307419721562534,2018-19
PCT_PTS_2PT,-0.3307454480917286,0.15337125752459677,2018-19
PCT_PTS_2PT_MR,0.0568216515738385,0.11814099270282438,2018-19
PCT_PTS_3PT,0.35637750471220775,-0.2552109034172642,2018-19
PCT_PTS_FB,0.14054184420189283,-0.18473266596603435,2018-19
PCT_PTS_FT,-0.03900663121276925,0.2534849521556032,2018-19
PCT_PTS_OFF_TOV,-0.2366622436290983,-0.1305746524081853,2018-19
PCT_PTS_PAINT,-0.44348649330125306,0.05857537040888677,2018-19
PCT_AST_2PM,0.2653215334922897,-0.36377286049593327,2018-19
PCT_UAST_2PM,-0.2653215334922898,0.36377286049593316,2018-19
PCT_AST_3PM,-0.16975078158177306,-0.14158617745875496,2018-19
PCT_UAST_3PM,0.1697507815817732,0.14158617745875496,2018-19
PCT_AST_FGM,0.22335458501828856,-0.43925547885043226,2018-19
PCT_UAST_FGM,-0.22335458501828861,0.4392554788504319,2018-19
OPP_FGM,-0.2341437933291986,0.8954606960325889,2018-19
OPP_FGA,0.2533278134457062,0.15603699333403234,2018-19
OPP_FG_PCT,-0.3887614983104675,0.8882158061908535,2018-19
OPP_FG3M,-0.22466534338019434,0.3365705112071132,2018-19
OPP_FG3A,-0.07516520028231483,0.10879059715595553,2018-19
OPP_FG3_PCT,-0.39598430173462185,0.5782151056753818,2018-19
OPP_FTM,-0.26089452481368125,0.2714339112917406,2018-19
OPP_FTA,-0.2420507795655767,0.22892590242494254,2018-19
OPP_FT_PCT,-0.15226232993343483,0.25783985500201556,2018-19
OPP_OREB,-0.012216656770599226,0.4016181577302518,2018-19
OPP_DREB,-0.6218238536588108,0.30541610539415803,2018-19
OPP_REB,-0.5639729374618494,0.4965507372053542,2018-19
OPP_AST,-0.3451442814541934,0.7208119456240054,2018-19
OPP_TOV,-0.15652244898442147,-0.1609914731286576,2018-19
OPP_STL,-0.27655212664178774,0.15515206608651796,2018-19
OPP_BLK,-0.47319757226225406,0.47210257450663257,2018-19
OPP_BLKA,0.2816944928438054,-0.6011224770664578,2018-19
OPP_PF,-0.05202510139596241,-0.06146658197138443,2018-19
OPP_PFD,-0.2455067693584422,0.1463764687651176,2018-19
OPP_PTS,-0.39606461756883077,0.9984711305497369,2018-19
FGM,0.617531105679994,-0.23399907135307735,2019-20
FGA,-0.011690901188248342,0.2910003780206134,2019-20
FG_PCT,0.6749464590286692,-0.43580577456123054,2019-20
FG3M,0.5040756763522722,-0.17081993133891704,2019-20
FG3A,0.2820914084517662,-0.12893435568494666,2019-20
FG3_PCT,0.6719290925359291,-0.14554686327487762,2019-20
FTM,0.4491321635389394,-0.14871319694937113,2019-20
FTA,0.34215056424169094,-0.2036738686881077,2019-20
FT_PCT,0.3505672156313862,0.04583097669224327,2019-20
OREB,-0.25223572920212783,0.26002843901221445,2019-20
DREB,0.5213451433537286,-0.6484270341546146,2019-20
REB,0.3884094252787263,-0.517254571604027,2019-20
AST,0.021707029153978125,-0.17297826657884796,2019-20
TOV,-0.48619186452386687,0.09625206391178653,2019-20
STL,-0.3268658374770523,-0.23464686591621436,2019-20
BLK,0.32972179761288134,-0.39139433200129836,2019-20
BLKA,-0.5291486464527854,0.36575794868078293,2019-20
PF,0.04006023788971124,0.10008595697075423,2019-20
PFD,0.41741389012554536,-0.16581514308849965,2019-20
PTS,1.0,-0.35753775786141984,2019-20
PLUS_MINUS,0.7992078175396222,-0.8464967173841245,2019-20
AST_PCT,-0.24413424736975087,-0.0749664265914292,2019-20
AST_TO,0.3711522396794691,-0.16885017928176177,2019-20
AST_RATIO,0.047605723533090054,-0.21301122676570644,2019-20
OREB_PCT,-0.13593229259443296,0.2337497624020597,2019-20
DREB_PCT,0.2705648023896314,-0.45253654890244904,2019-20
REB_PCT,0.3989161992890857,-0.4476344249397581,2019-20
TM_TOV_PCT,-0.48619186452386687,0.09625206391178702,2019-20
EFG_PCT,0.8415713557232445,-0.4854373016754652,2019-20
TS_PCT,0.8777124162743831,-0.45327314925354834,2019-20
E_PACE,0.14012025438568865,-0.13362404942966166,2019-20
PACE,0.1368543855933467,-0.14379010617902244,2019-20
PACE_PER40,0.13699994484973443,-0.1434602324695956,2019-20
POSS,0.7535819979280215,-0.4093528230933676,2019-20
PIE,0.7382325382544579,-0.8367539841106743,2019-20
PTS_OFF_TOV,-0.12909565945842705,-0.36988865964753853,2019-20
PTS_2ND_CHANCE,-0.09856023166950471,0.20330044582169993,2019-20
PTS_FB,0.21400119026566905,-0.5399360260139499,2019-20
PTS_PAINT,-0.24084050727908396,-0.17805460451609936,2019-20
OPP_PTS_OFF_TOV,-0.5425409803659401,0.27114959089104285,2019-20
OPP_PTS_2ND_CHANCE,-0.0463133344461217,0.5991928711763539,2019-20
OPP_PTS_FB,0.19987332411094397,0.12399709975884153,2019-20
OPP_PTS_PAINT,-0.32865584350553423,0.7374679007191315,2019-20
FTA_RATE,0.3096470700234997,-0.2418313786572891,2019-20
OPP_EFG_PCT,-0.5468767729128841,0.8803583530357776,2019-20
OPP_FTA_RATE,-0.06576291200392531,0.1057499509215104,2019-20
OPP_TOV_PCT,-0.3620913571652546,-0.18256615041294813,2019-20
OPP_OREB_PCT,-0.2705648023896317,0.4525365489024481,2019-20
PCT_FGA_2PT,-0.27220213703416213,0.1727623306598234,2019-20
PCT_FGA_3PT,0.2722021370341629,-0.17276233065982322,2019-20
PCT_PTS_2PT,-0.3337181220425983,0.10928551074731743,2019-20
PCT_PTS_2PT_MR,0.12850179106783252,0.1325172319147602,2019-20
PCT_PTS_3PT,0.30830200301571,-0.10800898031222492,2019-20
PCT_PTS_FB,0.08094917628321421,-0.5000135650324403,2019-20
PCT_PTS_FT,0.1601785148847483,-0.04209854459109591,2019-20
PCT_PTS_OFF_TOV,-0.3713508422903242,-0.25538560194964643,2019-20
PCT_PTS_PAINT,-0.5778392399811335,-0.008845922359084905,2019-20
PCT_AST_2PM,-0.2928455627692866,-0.0477654617162382,2019-20
PCT_UAST_2PM,0.2928455627692866,0.047765461716237724,2019-20
PCT_AST_3PM,-0.2527874568784475,-0.004853185843639514,2019-20
PCT_UAST_3PM,0.2527874568784477,0.0048531858436393505,2019-20
PCT_AST_FGM,-0.24413424736975087,-0.0749664265914292,2019-20
PCT_UAST_FGM,0.24413424736975045,0.07496642659142884,2019-20
OPP_FGM,-0.3348236401304318,0.862944306562577,2019-20
OPP_FGA,0.2732898835091529,0.08495433209364545,2019-20
OPP_FG_PCT,-0.5084405080625564,0.8517405461005741,2019-20
OPP_FG3M,-0.04050504292114055,0.08722258149479628,2019-20
OPP_FG3A,0.20329395173305806,-0.33505014545654516,2019-20
OPP_FG3_PCT,-0.40020757767304965,0.7292170433003988,2019-20
OPP_FTM,-0.0004969300721305845,0.14724060273297393,2019-20
OPP_FTA,-0.002440483796208444,0.14760159937567335,2019-20
OPP_FT_PCT,-0.018130720100343247,-0.0695548844936581,2019-20
OPP_OREB,-0.02776438501015698,0.20134884901600153,2019-20
OPP_DREB,-0.3882395839485504,0.20676532555739965,2019-20
OPP_REB,-0.29153492053184593,0.2549992596448334,2019-20
OPP_AST,-0.4260108012869189,0.4788465058004351,2019-20
OPP_TOV,-0.36243357388844843,-0.18207139840186337,2019-20
OPP_STL,-0.5185267201251428,0.37712154207376547,2019-20
OPP_BLK,-0.5291486464527854,0.36575794868078293,2019-20
OPP_BLKA,0.32972179761288134,-0.39139433200129836,2019-20
OPP_PF,0.41741389012554536,-0.16581514308849965,2019-20
OPP_PFD,0.04006023788971124,0.10008595697075423,2019-20
OPP_PTS,-0.36096225243471525,0.9991737555455138,2019-20
FGM,0.866182974919968,-0.17217054576975693,2020-21
FGA,0.36652268638650615,0.20648608275388014,2020-21
FG_PCT,0.7583638432071418,-0.29674619307600647,2020-21
FG3M,0.5559168314306885,-0.07113354080892037,2020-21
FG3A,0.32305267541528654,0.08967537220380543,2020-21
FG3_PCT,0.7936586488193756,-0.3943735748139518,2020-21
FTM,0.166414935109215,-0.06065794300294951,2020-21
FTA,-0.1381123777998006,0.02366160945767717,2020-21
FT_PCT,0.6381272997497968,-0.1748455456222662,2020-21
OREB,0.040567578365632295,0.10017993618911647,2020-21
DREB,0.34847521588237723,-0.556972436553416,2020-21
REB,0.2866972096840305,-0.38420623036509177,2020-21
AST,0.30744341677161613,-0.12508669949402518,2020-21
TOV,-0.5242831028874178,-0.18418000766506767,2020-21
STL,-0.10383230097038335,-0.19208631788537306,2020-21
BLK,0.06412064231241626,-0.22458056877091487,2020-21
BLKA,-0.5790646956410013,0.3155138707422822,2020-21
PF,0.07668156481732331,-0.19594392987508777,2020-21
PFD,-0.09565056640372117,-0.10646286978733101,2020-21
PTS,1.0,-0.19262537234724197,2020-21
PLUS_MINUS,0.8846686285683627,-0.6267992803184503,2020-21
AST_PCT,-0.174972644410959,-0.03460512801586102,2020-21
AST_TO,0.6124286314045322,0.09239074418740827,2020-21
AST_RATIO,0.290682551517834,-0.12928713939411168,2020-21
OREB_PCT,0.25844188167805887,-0.09586592183304984,2020-21
DREB_PCT,0.22100518212854217,-0.39904514096186544,2020-21
REB_PCT,0.47438230915698404,-0.44948629037295124,2020-21
TM_TOV_PCT,-0.5242831028874173,-0.1841800076650671,2020-21
EFG_PCT,0.8722787431028028,-0.2923451919231106,2020-21
TS_PCT,0.9010740234631998,-0.31176013814016573,2020-21
E_PACE,-0.16434866982351898,0.21950130502226545,2020-21
PACE,-0.13279364876294075,0.21861306912810538,2020-21
PACE_PER40,-0.13236147231477338,0.21882520456976642,2020-21
POSS,-0.1253552602786866,0.1663792977320323,2020-21
PIE,0.8421789883132638,-0.6395347959854294,2020-21
PTS_OFF_TOV,0.019261934464066585,-0.13945098063229805,2020-21
PTS_2ND_CHANCE,0.3316368485894147,-0.012991265774062202,2020-21
PTS_FB,0.3398114499620448,-0.15953440885922077,2020-21
PTS_PAINT,-0.09281791086017431,0.08332401848098159,2020-21
OPP_PTS_OFF_TOV,-0.5862553193017732,0.0457538433592868,2020-21
OPP_PTS_2ND_CHANCE,0.0850424633068436,0.4540058369062977,2020-21
OPP_PTS_FB,-0.11129071163158852,0.2338536684539706,2020-21
OPP_PTS_PAINT,-0.25880387789291864,0.33891975711192496,2020-21
FTA_RATE,-0.18768429841889409,-0.023214667936017043,2020-21
OPP_EFG_PCT,-0.37331534984380815,0.8436738965970636,2020-21
OPP_FTA_RATE,0.059158560926218934,0.05081971569123722,2020-21
OPP_TOV_PCT,-0.29436171404929196,-0.14171776013208157,2020-21
OPP_OREB_PCT,-0.2210051821285426,0.3990451409618654,2020-21
PCT_FGA_2PT,-0.25997177314462117,-0.05511919410628321,2020-21
PCT_FGA_3PT,0.2599717731446215,0.055119194106282944,2020-21
PCT_PTS_2PT,-0.28901051652473886,0.01969004080653789,2020-21
PCT_PTS_2PT_MR,0.24846275792662814,-0.18588470709097,2020-21
PCT_PTS_3PT,0.34430814252891373,-0.024394622340686147,2020-21
PCT_PTS_FB,0.1445046592725622,-0.1332403569430253,2020-21
PCT_PTS_FT,-0.28577611794453217,0.034791716882895354,2020-21
PCT_PTS_OFF_TOV,-0.3378447395732719,-0.06277564550142224,2020-21
PCT_PTS_PAINT,-0.48326977859093406,0.15574826185822369,2020-21
PCT_AST_2PM,-0.16471032132836097,0.08395620607325747,2020-21
PCT_UAST_2PM,0.1647103213283608,-0.08395620607325777,2020-21
PCT_AST_3PM,-0.3839591588173212,-0.286896659827924,2020-21
PCT_UAST_3PM,0.38395915881732146,0.2868966598279235,2020-21
PCT_AST_FGM,-0.174972644410959,-0.03460512801586102,2020-21
PCT_UAST_FGM,0.1749726444109592,0.03460512801586097,2020-21
OPP_FGM,-0.25025788399596094,0.7776549774586533,2020-21
OPP_FGA,0.11010840899918935,0.14967753325235267,2020-21
OPP_FG_PCT,-0.37954313837433534,0.8127454303511237,2020-21
OPP_FG3M,-0.1051888623021791,0.37166501160916987,2020-21
OPP_FG3A,-0.019988376245123243,0.09668582473411154,2020-21
OPP_FG3_PCT,-0.2259708070961962,0.7003024424486525,2020-21
OPP_FTM,0.1062160812457906,0.16504594965958663,2020-21
OPP_FTA,0.099728969712426,0.0940916192371381,2020-21
OPP_FT_PCT,0.09375737760863617,0.35060013533796824,2020-21
OPP_OREB,-0.11948181061304375,0.2711319366351455,2020-21
OPP_DREB,-0.6315629687480596,0.3550123548233544,2020-21
OPP_REB,-0.5663069518992656,0.3767291381202625,2020-21
OPP_AST,-0.43477256851191076,0.46744989758366345,2020-21
OPP_TOV,-0.2989711293042288,-0.14166752083168005,2020-21
OPP_STL,-0.5575161102083718,0.06561984304178849,2020-21
OPP_BLK,-0.5790646956410013,0.3155138707422822,2020-21
OPP_BLKA,0.06412064231241626,-0.22458056877091487,2020-21
OPP_PF,-0.1017987576302108,-0.10357230307217039,2020-21
OPP_PFD,0.07668156481732331,-0.19594392987508777,2020-21
OPP_PTS,-0.2211040124323628,0.9972421537517332,2020-21
FGM,0.839182016655739,-0.3182094500347986,2021-22
FGA,0.2081909302520139,-0.18983670172620842,2021-22
FG_PCT,0.7779464340207628,-0.22520427247014838,2021-22
FG3M,0.29338157354066297,-0.29150251305873953,2021-22
FG3A,-0.009531440873812936,-0.15336825753366676,2021-22
FG3_PCT,0.7166510254979502,-0.3687835911545366,2021-22
FTM,0.3648564866543079,0.04436839991735067,2021-22
FTA,0.2313149090353647,0.19804916365846004,2021-22
FT_PCT,0.27551110269885565,-0.2779944695252175,2021-22
OREB,0.16324736171535148,-0.15464930436544438,2021-22
DREB,0.2682545065504126,-0.6898330609551796,2021-22
REB,0.33269472277828605,-0.6611418504095408,2021-22
AST,0.4739562288272104,-0.3034299938902136,2021-22
TOV,-0.3940031769035738,0.1687177921856058,2021-22
STL,0.24985938789506743,-0.3474745375693256,2021-22
BLK,0.08715204570201034,-0.06053548536751535,2021-22
BLKA,-0.42674846595150345,0.3570145033688086,2021-22
PF,-0.11402871365219971,0.07418841251194419,2021-22
PFD,0.24891334183082703,0.13769459139232743,2021-22
PTS,1.0,-0.38249701847870293,2021-22
PLUS_MINUS,0.8546805017799436,-0.805904399838566,2021-22
AST_PCT,0.052029183010474656,-0.18576787737265202,2021-22
AST_TO,0.5835786658395051,-0.2914284906263723,2021-22
AST_RATIO,0.4360884701525432,-0.27163135538919225,2021-22
OREB_PCT,0.3311792632248811,-0.14974606646971161,2021-22
DREB_PCT,0.198211375783869,-0.2526114170198598,2021-22
REB_PCT,0.5855522722478156,-0.4709142665804881,2021-22
TM_TOV_PCT,-0.39400317690357417,0.16871779218560626,2021-22
EFG_PCT,0.7962302570950784,-0.3065797689544249,2021-22
TS_PCT,0.8035682325337209,-0.2975571034452843,2021-22
E_PACE,-0.08523371397384234,0.34405378411458476,2021-22
PACE,-0.09537212798298059,0.361128975270307,2021-22
PACE_PER40,-0.09539882499974685,0.3608803554354005,2021-22
POSS,-0.10556609430306488,0.3504735349758357,2021-22
PIE,0.8314660794469997,-0.7846318151410807,2021-22
PTS_OFF_TOV,0.30795217276282233,-0.3382201879936242,2021-22
PTS_2ND_CHANCE,0.20467044160513756,-0.009349466881577614,2021-22
PTS_FB,0.3135259895141894,-0.05402748798127618,2021-22
PTS_PAINT,0.27083439042521523,0.03154537726494964,2021-22
OPP_PTS_OFF_TOV,-0.4096500998181466,0.4738969000608509,2021-22
OPP_PTS_2ND_CHANCE,-0.1550906017581321,0.18760296253674344,2021-22
OPP_PTS_FB,0.0815685025720978,0.30041180178181653,2021-22
OPP_PTS_PAINT,-0.22533935765538426,0.6481819195388341,2021-22
FTA_RATE,0.14537127793123736,0.23919303893528365,2021-22
OPP_EFG_PCT,-0.2983290136666557,0.9100322164994067,2021-22
OPP_FTA_RATE,-0.2030510157834736,0.18368342955218064,2021-22
OPP_TOV_PCT,0.07594942608213025,-0.29027708891207776,2021-22
OPP_OREB_PCT,-0.19821137578386958,0.25261141701986023,2021-22
PCT_FGA_2PT,0.046764537419956724,0.10622751140492227,2021-22
PCT_FGA_3PT,-0.04676453741995563,-0.10622751140492244,2021-22
PCT_PTS_2PT,0.02046343994658779,0.11440336895909575,2021-22
PCT_PTS_2PT_MR,0.2138168355160852,-0.06701212209772438,2021-22
PCT_PTS_3PT,-0.007271788321750383,-0.1877058598818724,2021-22
PCT_PTS_FB,0.15084077393276232,0.00910183457469718,2021-22
PCT_PTS_FT,-0.059773585862565176,0.21843369167876628,2021-22
PCT_PTS_OFF_TOV,-0.02611794568161391,-0.21384542218087196,2021-22
PCT_PTS_PAINT,-0.19573318436277506,0.21604510429274018,2021-22
PCT_AST_2PM,0.23257958121169636,-0.18258914251261313,2021-22
PCT_UAST_2PM,-0.2325795812116973,0.1825891425126131,2021-22
PCT_AST_3PM,-0.32216948774346305,0.05183407776262766,2021-22
PCT_UAST_3PM,0.32216948774346266,-0.051834077762627565,2021-22
PCT_AST_FGM,0.052029183010474656,-0.18576787737265202,2021-22
PCT_UAST_FGM,-0.05202918301047417,0.18576787737265174,2021-22
OPP_FGM,-0.22314579701055695,0.8431693290655157,2021-22
OPP_FGA,0.020309357926488688,0.037241438252142774,2021-22
OPP_FG_PCT,-0.2685330110643164,0.9163345623901216,2021-22
OPP_FG3M,-0.19961562591840543,0.303555667527441,2021-22
OPP_FG3A,-0.052878980485040854,-0.08736195124989422,2021-22
OPP_FG3_PCT,-0.31301368276518643,0.808444027244792,2021-22
OPP_FTM,-0.2346130628153332,0.30130285233501636,2021-22
OPP_FTA,-0.2359345085563116,0.22997665054618577,2021-22
OPP_FT_PCT,-0.08223704346539251,0.35101943037900946,2021-22
OPP_OREB,-0.20523258988384435,0.05943138177287112,2021-22
OPP_DREB,-0.7534714683136168,0.2361739421033739,2021-22
OPP_REB,-0.6782271278565487,0.21664027610101314,2021-22
OPP_AST,-0.31317567817895947,0.676578612828891,2021-22
OPP_TOV,0.07536859755712418,-0.28492952994491616,2021-22
OPP_STL,-0.4679477415674656,0.3117638149484156,2021-22
OPP_BLK,-0.42674846595150345,0.3570145033688086,2021-22
OPP_BLKA,0.08715204570201034,-0.06053548536751535,2021-22
OPP_PF,0.24891334183082703,0.13769459139232743,2021-22
OPP_PFD,-0.11402871365219971,0.07418841251194419,2021-22
OPP_PTS,-0.3745640757125642,0.9985855793341107,2021-22
FGM,0.627251890365897,-0.4078502354782539,2022-23
FGA,-0.02726495574748866,-0.05780486921140586,2022-23
FG_PCT,0.6159984488346062,-0.34296687569336043,2022-23
FG3M,0.5564183810636298,-0.14754906209708285,2022-23
FG3A,0.43553268080457186,-0.04587257841770809,2022-23
FG3_PCT,0.6432511272753235,-0.3318455212341642,2022-23
FTM,0.14635727117920283,0.12132344871492004,2022-23
FTA,0.015974114914400744,0.2238600736394528,2022-23
FT_PCT,0.29249867931124424,-0.18805825567205342,2022-23
OREB,-0.22192712247302018,0.15855741975804954,2022-23
DREB,0.25291899061715356,-0.5172866520855206,2022-23
REB,0.02762779973104966,-0.2583887242077421,2022-23
AST,0.39214266690390154,-0.24388576183363414,2022-23
TOV,-0.4160311911429761,0.34852713071311936,2022-23
STL,-0.15673594519567313,-0.2641362838175013,2022-23
BLK,0.0583609938473191,-0.2529167518578889,2022-23
BLKA,-0.5882587481427302,0.4285228318928942,2022-23
PF,-0.11633227260208442,0.2641544673209897,2022-23
PFD,0.06619752086025003,0.1340246965793455,2022-23
PTS,1.0,-0.3764506624118415,2022-23
PLUS_MINUS,0.8244052235846394,-0.8333590203143407,2022-23
AST_PCT,0.18605792353488784,-0.10885311432444475,2022-23
AST_TO,0.6374174001542006,-0.4496186102471159,2022-23
AST_RATIO,0.4157618310442319,-0.27630762737281517,2022-23
OREB_PCT,-0.21400181075177044,0.2400883703043019,2022-23
DREB_PCT,0.1755809979992941,-0.3679304064847108,2022-23
REB_PCT,0.07662900202939942,-0.16101838898762397,2022-23
TM_TOV_PCT,-0.41603119114297604,0.348527130713119,2022-23
EFG_PCT,0.7480223633314561,-0.3162080790200545,2022-23
TS_PCT,0.7612925170463518,-0.3025846857417184,2022-23
E_PACE,-0.2892500928379641,0.2789096509066253,2022-23
PACE,-0.25249734954596587,0.24749789419927845,2022-23
PACE_PER40,-0.2521303267790015,0.24720558922817576,2022-23
POSS,-0.20388217208950973,0.20364483285804677,2022-23
PIE,0.7517402777621678,-0.8519356020377726,2022-23
PTS_OFF_TOV,0.07566475797619679,-0.33108372892641813,2022-23
PTS_2ND_CHANCE,-0.24508656781226307,0.2590287969662967,2022-23
PTS_FB,0.15189808499489763,-0.16481350094265007,2022-23
PTS_PAINT,-0.06890284959548841,0.030223405943510313,2022-23
OPP_PTS_OFF_TOV,-0.4322604268316476,0.5245271999091626,2022-23
OPP_PTS_2ND_CHANCE,-0.18403662353656056,0.4266903137425956,2022-23
OPP_PTS_FB,-0.13133148592980468,0.4048609021000169,2022-23
OPP_PTS_PAINT,-0.15238675362745185,0.7242278379608023,2022-23
FTA_RATE,0.020579020797723224,0.2138882844716531,2022-23
OPP_EFG_PCT,-0.3652737683191663,0.7449577990380151,2022-23
OPP_FTA_RATE,-0.12197363386202452,0.3010417115382964,2022-23
OPP_TOV_PCT,-0.06864792558875647,-0.2788768608980654,2022-23
OPP_OREB_PCT,-0.17558099799929486,0.3679304064847082,2022-23
PCT_FGA_2PT,-0.42770496379688727,0.030415884015389045,2022-23
PCT_FGA_3PT,0.42770496379688727,-0.03041588401538919,2022-23
PCT_PTS_2PT,-0.4221788669092248,0.030160482821567334,2022-23
PCT_PTS_2PT_MR,-0.1638656292599917,-0.1531214897893743,2022-23
PCT_PTS_3PT,0.4403680084028279,-0.0953253153524429,2022-23
PCT_PTS_FB,0.0036996451730418583,-0.11458737953167487,2022-23
PCT_PTS_FT,-0.13669275877264062,0.22286273191795783,2022-23
PCT_PTS_OFF_TOV,-0.13040636881725043,-0.25568997963575624,2022-23
PCT_PTS_PAINT,-0.3272045361052799,0.13029184556148907,2022-23
PCT_AST_2PM,0.06949724372108218,-0.12600544925013052,2022-23
PCT_UAST_2PM,-0.06949724372108229,0.12600544925013002,2022-23
PCT_AST_3PM,-0.1469047457747339,0.0743393182596791,2022-23
PCT_UAST_3PM,0.14690474577473378,-0.07433931825967953,2022-23
PCT_AST_FGM,0.18605792353488784,-0.10885311432444475,2022-23
PCT_UAST_FGM,-0.18605792353488768,0.10885311432444507,2022-23
OPP_FGM,-0.23173728255599826,0.830570717753389,2022-23
OPP_FGA,0.06969245176508142,0.1067767144758235,2022-23
OPP_FG_PCT,-0.29961337632380114,0.7782666686980652,2022-23
OPP_FG3M,-0.38122272696004217,0.22045192700504002,2022-23
OPP_FG3A,-0.19760462188344313,-0.11782896911687014,2022-23
OPP_FG3_PCT,-0.29337276139816276,0.5655689618574968,2022-23
OPP_FTM,-0.13866659434273448,0.415025773833191,2022-23
OPP_FTA,-0.11583021095782635,0.37487425855418965,2022-23
OPP_FT_PCT,-0.14251546522731612,0.24239449097092242,2022-23
OPP_OREB,-0.1800914602183914,0.29417846335440206,2022-23
OPP_DREB,-0.2445757364934873,-0.07951649640818864,2022-23
OPP_REB,-0.28628086954922227,0.10184789485816213,2022-23
OPP_AST,-0.28460038237943586,0.5508689212046717,2022-23
OPP_TOV,-0.06536868443689939,-0.28577843713114903,2022-23
OPP_STL,-0.37684073191696954,0.5152264289824928,2022-23
OPP_BLK,-0.5882587481427302,0.4285228318928942,2022-23
OPP_BLKA,0.0583609938473191,-0.2529167518578889,2022-23
OPP_PF,0.06619752086025003,0.1340246965793455,2022-23
OPP_PFD,-0.11633227260208442,0.2641544673209897,2022-23
OPP_PTS,-0.37862163077580663,0.9980067322650966,2022-23
FGM,0.8988683189849354,-0.20583739285428107,2023-24
FGA,0.20594654596374742,0.13425490511642196,2023-24
FG_PCT,0.7821055745227374,-0.2776893995932462,2023-24
FG3M,0.5664900647978979,-0.2873109262842149,2023-24
FG3A,0.2662335162972918,-0.07042638666961035,2023-24
FG3_PCT,0.8179323574546906,-0.5694511787439791,2023-24
FTM,0.2927052134002892,-0.3321342131439482,2023-24
FTA,0.23291564446623791,-0.38590590570843947,2023-24
FT_PCT,0.2488920062590188,-0.010277488518162426,2023-24
OREB,-0.06119629701545614,0.11688380721945037,2023-24
DREB,0.5254608958700576,-0.6637645901380043,2023-24
REB,0.3610586032256313,-0.43221786007189295,2023-24
AST,0.41214787324205354,-0.023125709338534042,2023-24
TOV,-0.6352296074919662,0.23832169999644806,2023-24
STL,0.029729424746628937,-0.5010537608605014,2023-24
BLK,0.22611866665399058,-0.2923010907839625,2023-24
BLKA,-0.53576887315173,0.3937741157096533,2023-24
PF,-0.15995824707082687,0.10852485707307062,2023-24
PFD,0.16447398293749801,-0.4842677324257128,2023-24
PTS,1.0,-0.3772977959603734,2023-24
PLUS_MINUS,0.8777417108598217,-0.7742552038711293,2023-24
AST_PCT,-0.1311227557040244,0.10632366001055883,2023-24
AST_TO,0.7139532635117235,-0.19643004516601748,2023-24
AST_RATIO,0.3951779537909195,-0.047083916645846095,2023-24
OREB_PCT,0.09226385082726878,0.0050027686535351595,2023-24
DREB_PCT,0.20157906730645245,-0.4154974272050081,2023-24
REB_PCT,0.439487037646197,-0.40321171190270994,2023-24
TM_TOV_PCT,-0.6352296074919662,0.23832169999644814,2023-24
EFG_PCT,0.8646313708092268,-0.353745863106905,2023-24
TS_PCT,0.8790315475266566,-0.38812805699735575,2023-24
E_PACE,-0.03532460215396837,0.5240873211165297,2023-24
PACE,-0.005516328235930108,0.5027576592234165,2023-24
PACE_PER40,-0.005497600761531206,0.5028200304364538,2023-24
POSS,-0.028571938462586828,0.5007561004169461,2023-24
PIE,0.8482927446180739,-0.7544963237544523,2023-24
PTS_OFF_TOV,0.19974797494429486,-0.5000671280152308,2023-24
PTS_2ND_CHANCE,0.15796042758745218,0.005064525978066445,2023-24
PTS_FB,0.2405519013410843,0.10582398179781881,2023-24
PTS_PAINT,0.22428309350003517,0.067829337490143,2023-24
OPP_PTS_OFF_TOV,-0.689660454279666,0.42490081658957884,2023-24
OPP_PTS_2ND_CHANCE,-0.22365077742591438,0.45203963640959105,2023-24
OPP_PTS_FB,-0.2551057492921891,0.43347036967861985,2023-24
OPP_PTS_PAINT,-0.27586046297499506,0.7655601173984579,2023-24
FTA_RATE,0.16769428976723186,-0.38175326185014674,2023-24
OPP_EFG_PCT,-0.4960089000553862,0.8948860946172775,2023-24
OPP_FTA_RATE,-0.1854662056892194,0.09562240947291056,2023-24
OPP_TOV_PCT,-0.24498099751955665,-0.33645773115125405,2023-24
OPP_OREB_PCT,-0.20157906730645236,0.4154974272050083,2023-24
PCT_FGA_2PT,-0.23923682164632143,0.10849050214844204,2023-24
PCT_FGA_3PT,0.2392368216463216,-0.108490502148442,2023-24
PCT_PTS_2PT,-0.21506474321959204,0.294552781120121,2023-24
PCT_PTS_2PT_MR,0.2459457005055189,0.01321923929955305,2023-24
PCT_PTS_3PT,0.24739178760410782,-0.18344277322205454,2023-24
PCT_PTS_FB,-0.03993378575541803,0.2262409996299128,2023-24
PCT_PTS_FT,-0.10509839950966407,-0.20130274354528543,2023-24
PCT_PTS_OFF_TOV,-0.22911847912031638,-0.3324242067502188,2023-24
PCT_PTS_PAINT,-0.392296812498941,0.29195709737059755,2023-24
PCT_AST_2PM,-0.06350966373092926,0.21376552270237573,2023-24
PCT_UAST_2PM,0.06350966373092892,-0.2137655227023758,2023-24
PCT_AST_3PM,-0.31315012060659364,-0.053297448772710455,2023-24
PCT_UAST_3PM,0.31315012060659353,0.05329744877271094,2023-24
PCT_AST_FGM,-0.1311227557040244,0.10632366001055883,2023-24
PCT_UAST_FGM,0.13112275570402412,-0.10632366001055893,2023-24
OPP_FGM,-0.2852813803832869,0.8968135772340486,2023-24
OPP_FGA,0.27640423609673387,0.18684169419787247,2023-24
OPP_FG_PCT,-0.48646873038144445,0.8961732646538947,2023-24
OPP_FG3M,-0.04646385254167546,0.19552774576189466,2023-24
OPP_FG3A,0.06504971818712638,-0.0826249150849935,2023-24
OPP_FG3_PCT,-0.22890527359872423,0.5988066919918942,2023-24
OPP_FTM,-0.1901340659606013,0.20048231391663743,2023-24
OPP_FTA,-0.15761953145353375,0.1470098890487011,2023-24
OPP_FT_PCT,-0.23802844642397702,0.28970947607947245,2023-24
OPP_OREB,0.19386567303657853,0.16208684204423768,2023-24
OPP_DREB,-0.610455469729778,0.2933726980751563,2023-24
OPP_REB,-0.4600278819880554,0.32618390434747196,2023-24
OPP_AST,-0.39051180156771254,0.6346108552858755,2023-24
OPP_TOV,-0.24747316709049333,-0.32813133960462454,2023-24
OPP_STL,-0.6026094862449134,0.29461059864187733,2023-24
OPP_BLK,-0.53576887315173,0.3937741157096533,2023-24
OPP_BLKA,0.22611866665399058,-0.2923010907839625,2023-24
OPP_PF,0.16447398293749801,-0.4842677324257128,2023-24
OPP_PFD,-0.15995824707082687,0.10852485707307062,2023-24
OPP_PTS,-0.3792898757651689,0.9986578691006496,2023-24
